,2D-0,2D-1,3D-0,3D-1,3D-2,Country,class,binary_class,continent_name,ISO_A3,continent_colors
0,-0.28458273028088804,0.012021305917515306,-0.2845827302823336,0.012020717096134826,-0.07718204220337933,AFGHANISTAN,America,red,Asia,AFG,red
1,-0.31913569837139416,0.16347755064287628,-0.3191356983699826,0.16347977390039062,-0.03593353742424311,ALBANIA,America,red,Europe,ALB,purple
2,-0.3359227297449959,-0.027026051893492598,-0.3359227297462068,-0.027025962765849634,-0.008832306150364191,ALGERIA,America,red,Africa,DZA,orange
3,-0.32760367104313487,-0.284947542788935,-0.32760367104336324,-0.28494818706851466,0.29371317863773216,ARGENTINA,America,red,South America,ARG,green
4,-0.34459255732300287,0.4381886039339429,-0.34459255732359073,0.4381870691144991,0.02394056478947627,ARMENIA,America,red,Europe,ARM,purple
5,-0.2651606191552521,-0.12967355214747225,-0.26516061915369543,-0.12967319984580336,-0.03759216225048236,AUSTRALIA,America,red,Australia,AUS,blue
6,-0.34664807056903596,0.4144686197888528,-0.34664807056890307,0.4144677047474049,0.08212247172657938,AUSTRIA,America,red,Europe,AUT,purple
7,-0.2733478078912868,-0.06434394470696929,-0.2733478078941367,-0.06434646678269174,-0.006730875346818031,AZERBAIJAN,America,red,Europe,AZE,purple
8,-0.36505915998065774,-0.08312313277421154,-0.36505915998144944,-0.08312205793291141,0.12500882134687208,BAHAMAS,America,red,North America,BHS,yellow
9,-0.37558233340029373,0.12596291500948611,-0.37558233340357505,0.1259615604141182,0.03238929269813453,BAHRAIN,America,red,Asia,BHR,red
10,-0.2763730218835528,-0.020298564067639017,-0.27637302188282215,-0.02029813758865765,-0.13761876279360624,BANGLADESH,America,red,Asia,BGD,red
11,-0.3958131049657756,0.045511874988461765,-0.39581310496633476,0.04551293458760331,0.030609986677830034,BARBADOS,America,red,North America,BRB,yellow
12,-0.291987635061599,0.042881282032165895,-0.2919876350648641,0.042882363725037884,0.029075134151903635,BELARUS,America,red,Europe,BLR,purple
13,-0.35937800843916373,0.40895892191361366,-0.35937800843834156,0.4089589687183951,-0.007681188638275379,BELGIUM,America,red,Europe,BEL,purple
14,-0.24641616608279554,-0.20225731036516026,-0.24641616608443154,-0.20225905712203127,-0.04240123377771257,BELIZE,America,red,Central America,BLZ,lightgreen
15,-0.2754853761907335,-0.23306211202378063,-0.27548537618935326,-0.23306171759677755,-0.1434376663410358,BENIN,America,red,Africa,BEN,orange
16,-0.27742552409531324,-0.14251245590662712,-0.27742552409444676,-0.14251189024088293,-0.018397017377739328,BERMUDA,America,red,North America,BMU,yellow
17,-0.35883671922445953,-0.003939341206011396,-0.3588367192238257,-0.0039394635289587004,0.16386785946724788,"BOLIVIA, PLURINATIONAL STATE OF",America,red,South America,BOL,green
18,-0.23094599291303713,-0.2077201357244026,-0.2309459929113301,-0.20771942226566042,-0.025977326019958613,BOSNIA AND HERZEGOVINA,America,red,Europe,BIH,purple
19,-0.35658626351899964,-0.002026816318542393,-0.3565862635175786,-0.0020270948668500988,-0.2774301136907203,BOTSWANA,America,red,Africa,BWA,orange
20,-0.3700542582790228,-0.282178716286858,-0.3700542582793156,-0.2821785944401045,0.354732713853942,BRAZIL,America,red,South America,BRA,green
21,-0.33137844576300096,-0.0437116062540968,-0.33137844575817854,-0.0437081115714813,-0.10318155947961193,BRUNEI DARUSSALAM,America,red,Asia,BRN,red
22,-0.3668403638670842,0.21048727354422997,-0.36684036386596314,0.21048858960298175,0.03699914774511782,BULGARIA,America,red,Europe,BGR,purple
23,-0.3044888005383308,-0.2203949886697405,-0.30448880053745075,-0.22039488258568193,-0.06286210239358617,BURKINA FASO,America,red,Africa,BFA,orange
24,-0.3066369106412777,-0.1456410035767067,-0.3066369106387151,-0.14563999004997252,-0.14974215911751235,BURUNDI,America,red,Africa,BDI,orange
25,-0.3132657139398721,-0.15049390997517012,-0.31326571393903885,-0.15049458287296202,-0.15138869681129496,CABO VERDE,America,red,Africa,CPV,orange
26,-0.2685607126771549,-0.1958457396325619,-0.2685607126765265,-0.19584644044593363,-0.0632185958157008,CAMBODIA,America,red,Asia,KHM,red
27,-0.42064390143582964,0.11341018347562301,-0.4206439014351494,0.11340983223183408,-0.22921770314044088,CAMEROON,America,red,Africa,CMR,orange
28,-0.38491356292580525,0.34250601745839954,-0.38491356292450774,0.3425060733707074,0.09642101514666575,CANADA,America,red,Central America,CAN,lightgreen
29,-0.2881557246986042,-0.17360195799837153,-0.2881557246988881,-0.173601519367451,-0.10471333058495844,CENTRAL AFRICAN REPUBLIC,America,red,Africa,CAF,orange
30,-0.34974145985739824,-0.2931206948015673,-0.34974145985671645,-0.29312068945961645,0.34345846450674083,CHILE,America,red,South America,CHL,green
31,-0.2958661557620038,-0.1260289838870751,-0.2958661557629299,-0.1260307440827393,0.14489953445899553,CHINA,America,red,Asia,CHN,red
32,-0.3631924044425245,-0.23998874650689686,-0.36319240444288176,-0.23998890436788414,0.30162367617743513,COLOMBIA,America,red,South America,COL,green
33,-0.39150383426634505,0.03930973550896919,-0.3915038342659662,0.03930916519681258,-0.1771363696372828,COMOROS,America,red,Africa,COM,orange
34,-0.34388010867867885,-0.10430752339882232,-0.343880108676491,-0.1043077442156578,-0.2587216588993321,CONGO,America,red,Africa,COG,orange
35,-0.36785237283083566,-0.05764158211293123,-0.3678523728280516,-0.0576409707240264,-0.042796350486123,"CONGO, DEMOCRATIC REPUBLIC OF THE",America,red,Africa,COD,orange
36,-0.2531947978103427,-0.2755446811433019,-0.25319479780888876,-0.27554428691194066,0.06825420345661695,COSTA RICA,America,red,Central America,CRI,lightgreen
37,-0.42761612289345274,-0.0501894058897481,-0.4276161228942694,-0.050189789940022676,0.11675389045839053,CÔTE D'IVOIRE,America,red,Africa,CIV,orange
38,-0.34214102508207656,0.307480129388208,-0.34214102508022665,0.3074804858481891,0.08407465096141083,CROATIA,America,red,Europe,HRV,purple
39,-0.3008193521065309,-0.21384010149968588,-0.3008193521051954,-0.21383896405588343,0.18240639266797082,CUBA,America,red,North America,CUB,yellow
40,-0.2554565694555542,0.006931978012830223,-0.25545656945642836,0.006932001061934173,-0.02153319662611137,CYPRUS,America,red,Europe,CYP,purple
41,-0.3271730241503829,0.36353957318802815,-0.32717302414861255,0.3635396983989014,0.10378967370723488,CZECHIA,America,red,Europe,CZE,purple
42,-0.36226747720871655,0.4644116129031931,-0.36226747720726166,0.4644111627312533,0.05904065949053967,DENMARK,America,red,Europe,DNK,purple
43,-0.32148717737790283,-0.12499114758090579,-0.32148717737711086,-0.12499109352158869,-0.12409276292659974,DJIBOUTI,America,red,Africa,DJI,orange
44,-0.3967876896767656,-0.267892835010336,-0.3967876896765754,-0.26789246465240685,0.41971678553970676,DOMINICAN REPUBLIC,America,red,North America,DOM,yellow
45,-0.3729873897938093,-0.20448552962795166,-0.3729873897933747,-0.20448561780554433,0.3399709457654277,ECUADOR,America,red,South America,ECU,green
46,-0.36987524051563153,0.03140245532916231,-0.36987524051958226,0.03140114766937861,0.1283005126701559,EGYPT,America,red,Africa,EGY,orange
47,-0.28456902472963375,-0.3076721006610383,-0.2845690247307815,-0.3076722127802355,0.15020809296150286,EL SALVADOR,America,red,Central America,SLV,lightgreen
48,-0.43635980739903485,0.042150259925993964,-0.4363598073995608,0.0421493200524166,-0.01919866924854758,EQUATORIAL GUINEA,America,red,Africa,GNQ,orange
49,-0.32170096216821115,0.45983512950815275,-0.32170096216579136,0.45983603306262066,0.09130474392905301,ESTONIA,America,red,Europe,EST,purple
50,-0.3933050243112869,0.06981490837016063,-0.39330502431132464,0.06981462714200624,-0.22017019378794173,ESWATINI,America,red,Africa,SWZ,orange
51,-0.3400480486293276,-0.02371885577559245,-0.3400480486301548,-0.02371805761651305,-0.1995326515630244,ETHIOPIA,America,red,Africa,ETH,orange
52,-0.37095962353815465,0.04153097067595717,-0.37095962353896167,0.04153134017619979,-0.05670982317105588,FIJI,America,red,Australia,FJI,blue
53,-0.3021383717873735,0.18492528513167786,-0.302138371786204,0.18492597624830234,0.04849469476576384,FINLAND,America,red,Europe,FIN,purple
54,-0.3998906744794153,0.2715173795427325,-0.39989067447976445,0.27151570278494846,0.24706377344881042,FRANCE,America,red,Europe,FRA,purple
55,-0.3338069973940263,-0.1545243213220922,-0.33380699739526354,-0.15452670451885075,-0.16204986712756797,GABON,America,red,Africa,GAB,orange
56,-0.3642811950569611,-0.02838943656942735,-0.3642811950586903,-0.0283905849759153,-0.1375351084821529,GAMBIA,America,red,Africa,GMB,orange
57,-0.24254065877588818,0.04583928485563203,-0.24254065877648667,0.045838416416929546,-0.029999338475822233,GEORGIA,America,red,Europe,GEO,purple
58,-0.24497446799132716,0.19263453385549065,-0.24497446799019384,0.1926338053703575,0.10068023761822104,GERMANY,America,red,Europe,DEU,purple
59,-0.3305366420537142,-0.1360312190623506,-0.3305366420538404,-0.1360315906064396,-0.16072092137664354,GHANA,America,red,Africa,GHA,orange
60,-0.334853520747855,0.09384562640557896,-0.3348535207482157,0.09384638880594551,0.04311747650607269,GREECE,America,red,Europe,GRC,purple
61,-0.35921372572595744,-0.30542119092210573,-0.35921372572546495,-0.3054217658561055,0.38701967794969966,GUATEMALA,America,red,Central America,GTM,lightgreen
62,-0.36663025184271303,-0.20845875336863118,-0.3666302518415726,-0.20845945286957013,0.10697918600954817,GUINEA,America,red,Africa,GIN,orange
63,-0.31195422034888703,-0.1421276844764272,-0.3119542203508518,-0.14212979353290348,-0.0676308497913231,GUYANA,America,red,South America,GUY,green
64,-0.3123501747644266,-0.11672761519992385,-0.3123501747650037,-0.11672695770656961,-0.013554129075970419,HAITI,America,red,North America,HTI,yellow
65,-0.3298540003576525,0.24474702891933936,-0.3298540003582481,0.2447454616119283,-0.01294780202824437,HOLY SEE,America,red,Europe,VAT,purple
66,-0.3734858716380608,-0.3141514712595253,-0.3734858716375343,-0.3141513943545198,0.33182098349643413,HONDURAS,America,red,Central America,HND,lightgreen
67,-0.3149214835517894,0.21757644949088234,-0.31492148354891314,0.2175772595219255,-0.022996896152146794,ICELAND,America,red,Europe,ISL,purple
68,-0.3999059813882418,-0.042778191839919086,-0.3999059813895084,-0.042778310524731626,0.14713300548230743,INDIA,America,red,Asia,IND,red
69,-0.3461845483373402,-0.08054036000247618,-0.3461845483322727,-0.08053746489502835,0.06505249648278975,INDONESIA,America,red,Asia,IDN,red
70,-0.3262617696006887,0.10813824570992694,-0.3262617696032889,0.10813706746676924,0.02685209324866753,IRAQ,America,red,Asia,IRQ,red
71,-0.3433937487401899,0.00791717856883492,-0.3433937487422805,0.007917012733142331,0.047547573664004195,IRELAND,America,red,Europe,IRL,purple
72,-0.3305667995266037,0.20121030079543206,-0.33056679953108836,0.20120780107942113,0.07376580177473388,ISRAEL,America,red,Asia,ISR,red
73,-0.3578769317706913,0.4045197295107031,-0.35787693176984575,0.40451877125944297,0.12771391164053264,ITALY,America,red,Europe,ITA,purple
74,-0.3793367306142703,-0.031531361748616295,-0.37933673061600387,-0.03153071481473195,0.004824500710191193,JAMAICA,America,red,North America,JAM,yellow
75,-0.3641747728180899,-0.19770581715722008,-0.36417477281914357,-0.19770635572608292,0.27270208172904614,JAPAN,America,red,Asia,JPN,red
76,-0.20327185017798682,-0.2018691459432005,-0.20327185018091967,-0.20187043858285783,-0.0642095001976109,JORDAN,America,red,Asia,JOR,red
77,-0.2899577236558792,0.004411472687791161,-0.28995772365564704,0.004411205566502699,-0.06757924421500823,KAZAKHSTAN,America,red,Asia,KAZ,red
78,-0.3508100507698855,-0.0040033723534923385,-0.3508100507691543,-0.004002968637158734,-0.1902037370426179,KENYA,America,red,Africa,KEN,orange
79,-0.3423076337482041,0.08587539090289716,-0.34230763374924855,0.08587572802030657,-0.014184178668349267,"KOREA, REPUBLIC OF",America,red,Asia,KOR,red
80,-0.307594944517833,-0.07377112009964099,-0.30759494452403363,-0.07377241446675861,0.009995143519162558,KUWAIT,America,red,Asia,KWT,red
81,-0.3430814740683367,-0.028769493498579973,-0.3430814740713111,-0.02877050089863669,-0.027766368121230837,KYRGYZSTAN,America,red,Asia,KGZ,red
82,-0.2837866937436165,-0.12411679715041722,-0.283786693738122,-0.12411325817655386,-0.10400979752266665,LAO PEOPLE'S DEMOCRATIC REPUBLIC,America,red,Asia,LAO,red
83,-0.29698396350380235,0.31821201966007795,-0.2969839635021159,0.3182138111119352,0.07573028726316237,LATVIA,America,red,Europe,LVA,purple
84,-0.34735953273381664,0.20143760093181678,-0.347359532738352,0.2014351344297848,0.025913234066322854,LEBANON,America,red,Asia,LBN,red
85,-0.3033710088306606,-0.10447162385511372,-0.30337100882925416,-0.10447202150903795,-0.19254922054946322,LESOTHO,America,red,Africa,LSO,orange
86,-0.3517166893388718,-0.01614247179585721,-0.35171668933627265,-0.016141940320400297,-0.23819990212926445,LIBERIA,America,red,Africa,LBR,orange
87,-0.23750653044515663,-0.12695657071376243,-0.23750653044828302,-0.12695705820383252,0.005883534059292506,LIBYA,America,red,Africa,LBY,orange
88,-0.26732493168083105,0.2024397774597109,-0.26732493167896854,0.20244204200654803,-0.015021091348044502,LITHUANIA,America,red,Europe,LTU,purple
89,-0.26979480042858567,0.10427109011016258,-0.26979480042661685,0.10427162568251938,0.02419891783073816,LUXEMBOURG,America,red,Europe,LUX,purple
90,-0.3396539059058185,-0.07787023752140086,-0.33965390590568484,-0.07787047136262426,-0.16369765524417246,MADAGASCAR,America,red,Africa,MDG,orange
91,-0.36045449497064835,-0.04147712778095805,-0.3604544949709706,-0.04147751459031573,-0.18083675001205102,MALAWI,America,red,Africa,MWI,orange
92,-0.3647723041458272,0.07692587054787403,-0.36477230414556894,0.07692657236037877,-0.03335153891149557,MALAYSIA,America,red,Asia,MYS,red
93,-0.3292813259108825,-0.10888355980634451,-0.3292813259103386,-0.10888384432720556,-0.019290155489423248,MALI,America,red,Africa,MLI,orange
94,-0.3882906025161464,0.2059818819184396,-0.38829060251716624,0.2059824437549734,0.003513585501830075,MALTA,America,red,Europe,MLT,purple
95,-0.31445709536146943,-0.09880960177896825,-0.3144570953613395,-0.09881026063937513,-0.13272297424263768,MAURITANIA,America,red,Africa,MRT,orange
96,-0.37328878309262475,0.03373654357367859,-0.37328878309339003,0.033735408070478215,-0.04768165880376843,MAURITIUS,America,red,Africa,MUS,orange
97,-0.30590884072505137,-0.12478674965222869,-0.3059088407256252,-0.12478620146738166,-0.05282868028235298,"MICRONESIA, FEDERATED STATES OF",America,red,Australia,FSM,blue
98,-0.26953511315435347,-0.06594568481213153,-0.26953511315645023,-0.06594763895883718,-0.04974420303996641,"MOLDOVA, REPUBLIC OF",America,red,Europe,MDA,purple
99,-0.3227558723256034,0.014449596877623823,-0.3227558723257161,0.014449418769731272,-0.05339763763320118,MONGOLIA,America,red,Asia,MNG,red
100,-0.31956679558739676,0.16258600563907544,-0.31956679558613155,0.16258641957010844,0.0011930903327121048,MONTENEGRO,America,red,Europe,MNE,purple
101,-0.32690511898821656,-0.006698289434326398,-0.3269051189889912,-0.006698415122901986,-0.018714009613776127,MOROCCO,America,red,Africa,MAR,orange
102,-0.40874178779784415,0.1438635683861545,-0.4087417877973798,0.14386402798368805,-0.14616970779776522,MOZAMBIQUE,America,red,Africa,MOZ,orange
103,-0.3471988725605736,0.011611121098602465,-0.34719887255855736,0.011613178122724027,-0.002552065612712173,MYANMAR,America,red,Asia,MMR,red
104,-0.3151701731435911,-0.02957960729787001,-0.3151701731461136,-0.029580402558654035,-0.10287752950712234,NEPAL,America,red,Asia,NPL,red
105,-0.34493631846724,0.3016084325734895,-0.3449363184668678,0.30160839829434966,0.02965755642953702,NETHERLANDS,America,red,Europe,NLD,purple
106,-0.316658200983876,0.10639198426772366,-0.316658200982817,0.10639269436947292,-0.08963916674157861,NEW ZEALAND,America,red,Australia,NZL,blue
107,-0.3936929904474968,-0.16466175544583725,-0.3936929904480825,-0.16466159054563803,0.28168685113597014,NICARAGUA,America,red,Central America,NIC,lightgreen
108,-0.3655173526716761,-0.01855615692676353,-0.36551735267058383,-0.0185557059540574,-0.18302505297171284,NIGER,America,red,Africa,NER,orange
109,-0.36257944949592763,0.04848513078287603,-0.36257944949539106,0.04848542411124312,-0.161890141795082,NIGERIA,America,red,Africa,NGA,orange
110,-0.3352745826507086,0.31199950644437,-0.33527458264937277,0.3119997275274743,0.0015370571151081783,NORTH MACEDONIA,America,red,Europe,MKD,purple
111,-0.35593929475336616,0.33458938763679313,-0.35593929475194896,0.3345900796599882,0.08447650329450103,NORWAY,America,red,Europe,NOR,purple
112,-0.3337829375966389,-0.060370538205126875,-0.3337829375994318,-0.060370936708679816,0.014737209188263654,OMAN,America,red,Asia,OMN,red
113,-0.3671602493995212,0.03526774904620242,-0.36716024940171427,0.03526754191734678,-0.03661304879949411,PAKISTAN,America,red,Asia,PAK,red
114,-0.37081728498469707,0.23616852677561134,-0.3708172849892435,0.23616636701621535,0.055163665744780654,"PALESTINE, STATE OF",America,red,Asia,PSE,red
115,-0.32005508194539245,-0.2602352841091262,-0.3200550819446424,-0.26023605324866494,0.2421926100031427,PANAMA,America,red,Central America,PAN,lightgreen
116,-0.33577099083517925,-0.11350180178675931,-0.3357709908349011,-0.11350302618724768,-0.08242528553262504,PAPUA NEW GUINEA,America,red,Australia,PNG,blue
117,-0.2311105532958145,-0.2543476002696552,-0.23111055329326935,-0.25434692064545755,-0.06155335438789925,PARAGUAY,America,red,South America,PRY,green
118,-0.33385916290609025,-0.24710065326972366,-0.33385916290608386,-0.2471009081546066,0.28574393633213035,PERU,America,red,South America,PER,green
119,-0.3769386910037571,-0.0834548012817677,-0.3769386910029395,-0.08345410548283702,0.13179307184727437,PHILIPPINES,America,red,Asia,PHL,red
120,-0.32159202659224617,0.3889290252076052,-0.3215920265898567,0.3889293570870252,0.19086348412083104,POLAND,America,red,Europe,POL,purple
121,-0.4016431898266486,0.4102661197999647,-0.4016431898262786,0.4102652612656806,0.07026494142991406,PORTUGAL,America,red,Europe,PRT,purple
122,-0.32445226590085174,-0.044034298669887305,-0.32445226590479487,-0.044035036363461566,0.027653567337083323,QATAR,America,red,Asia,QAT,red
123,-0.24438555780721427,0.26447658009155306,-0.24438555780331703,0.2644787222506056,0.05708863563329908,ROMANIA,America,red,Europe,ROU,purple
124,-0.09707259127944268,0.1764946331950875,-0.09707259127657261,0.17649619547358952,0.06743673171344602,RUSSIAN FEDERATION,America,red,Europe,RUS,purple
125,-0.22591417697376548,-0.2221546174695828,-0.2259141769713797,-0.2221538926092573,-0.16680576069324254,RWANDA,America,red,Africa,RWA,orange
126,-0.30006803510311564,-0.04129299160483057,-0.3000680351013213,-0.04129218633683758,-0.07524136979363208,SAMOA,America,red,Australia,WSM,blue
127,-0.3917251682637743,0.20052582870839913,-0.39172516826704395,0.20052420472973814,0.02857040667142169,SAUDI ARABIA,America,red,Asia,SAU,red
128,-0.355203704189208,-0.04785534261852684,-0.3552037041871231,-0.047855454329330235,-0.218620598167437,SENEGAL,America,red,Africa,SEN,orange
129,-0.30466547773679953,-0.11361411511756016,-0.30466547773659797,-0.11361514346481213,0.11333098689933861,SERBIA,America,red,Europe,SRB,purple
130,-0.32035838583440546,-0.05859133963987041,-0.32035838583370757,-0.058591211350819516,-0.13673658857073606,SIERRA LEONE,America,red,Africa,SLE,orange
131,-0.38738855159501373,0.021376144804173644,-0.3873885515927221,0.021378050556334464,0.010723765274836237,SINGAPORE,America,red,Asia,SGP,red
132,-0.28257238199738843,0.37976753285260356,-0.28257238199433304,0.3797692463730774,0.044941039019457056,SLOVAKIA,America,red,Europe,SVK,purple
133,-0.33320211946088696,0.3594632451463973,-0.33320211945788886,0.35946494707394866,0.02096778341281874,SLOVENIA,America,red,Europe,SVN,purple
134,-0.2502749540125623,-0.1597073026961857,-0.25027495401133015,-0.15970668589386414,-0.1739212060899248,SOMALIA,America,red,Africa,SOM,orange
135,-0.37535426178866044,0.10958612170860577,-0.37535426178845516,0.10958657929752974,-0.22043187604306103,SOUTH AFRICA,America,red,Africa,ZAF,orange
136,-0.2286404542991483,-0.23567234078692034,-0.22864045430346938,-0.23566715245698636,-0.15584393638415822,SOUTH SUDAN,America,red,Africa,SSD,orange
137,-0.332621068275189,-0.05011269231358651,-0.33262106827328586,-0.05011168477224945,0.1313135971169556,SPAIN,America,red,Europe,ESP,purple
138,-0.2974782446996261,-0.002400593777884086,-0.2974782446997546,-0.0024006766947471496,-0.06383008418927515,SRI LANKA,America,red,Asia,LKA,red
139,-0.3168458809808296,-0.061649293176409714,-0.31684588098644195,-0.06164550463549988,-0.12532442484214923,SUDAN,America,red,Africa,SDN,orange
140,-0.38062939928149936,0.25796084090744853,-0.3806293992815275,0.25796083539128284,0.03757599119191889,SURINAME,America,red,South America,SUR,green
141,-0.3599463075732568,0.05536421855809698,-0.3599463075753076,0.055364522638616624,0.09413702407449363,SWEDEN,America,red,Europe,SWE,purple
142,-0.3601196882626638,0.07969662120436298,-0.3601196882642914,0.07969660309145768,0.059279754416406934,SWITZERLAND,America,red,Europe,CHE,purple
143,-0.13247810640095886,0.09202761625105699,-0.13247810640133978,0.09202580341015923,0.08840391170205858,SYRIAN ARAB REPUBLIC,America,red,Asia,SYR,red
144,-0.3308252544274396,-0.11268102049014515,-0.3308252544303159,-0.11268346763691821,-0.1018303070142354,TAJIKISTAN,America,red,Asia,TJK,red
145,-0.3618783843519253,0.013536958388112523,-0.36187838435103725,0.013537353246710213,-0.22417906974285756,"TANZANIA, UNITED REPUBLIC OF",America,red,Africa,TZA,orange
146,-0.35736080119539504,-0.0016731517893631565,-0.357360801193995,-0.0016718360840688425,-0.022670484451549518,THAILAND,America,red,Asia,THA,red
147,-0.23414109746928422,-0.3002134383967883,-0.23414109746904044,-0.300215280225389,-0.1033293717755943,TIMOR-LESTE,America,red,Asia,TLS,red
148,-0.3892019856348661,-0.1829274811059782,-0.3892019856340627,-0.18292747005532692,0.1893594872037028,TOGO,America,red,Africa,TGO,orange
149,-0.38435029265014453,0.12637536369905983,-0.38435029265053855,0.12637598138669331,0.06826237404345582,TRINIDAD AND TOBAGO,America,red,North America,TTO,yellow
150,-0.3482793046393323,-0.027808482437513205,-0.3482793046403597,-0.027808494660370876,-0.03331460504265456,TUNISIA,America,red,Africa,TUN,orange
151,-0.3547084815523013,0.08333942783546659,-0.35470848155273216,0.08333818858331227,0.2719643924034467,TURKEY,America,red,Europe,TUR,purple
152,-0.31632565472403945,-0.05784751818817439,-0.31632565472267965,-0.05784699136743208,-0.24850656306412416,UGANDA,America,red,Africa,UGA,orange
153,-0.20268137209612153,0.05562616669327231,-0.20268137209509304,0.05563128097935625,0.13243108736917977,UKRAINE,America,red,Europe,UKR,purple
154,-0.355213284529647,0.0618335457235042,-0.3552132845331589,0.06183194412864495,0.07383558362613218,UNITED ARAB EMIRATES,America,red,Asia,ARE,red
155,-0.37588898299790213,0.3192118190399097,-0.3758889829978327,0.3192118652742176,0.017438037680176235,UNITED KINGDOM OF GREAT BRITAIN AND NORTHERN IRELAND,America,red,Europe,GBR,purple
156,-0.35387561670930795,0.36034906595786365,-0.3538756167090108,0.3603475930326929,0.09980389714768496,UNITED STATES OF AMERICA,America,red,Central America,USA,lightgreen
157,-0.3299146697708001,-0.16598630172319234,-0.3299146697705454,-0.16598647855762186,0.22470235265358662,URUGUAY,America,red,South America,URY,green
158,-0.3253599230828125,0.07716619890225009,-0.32535992308422107,0.07716505989061419,-0.0974007216884392,UZBEKISTAN,America,red,Asia,UZB,red
159,-0.27140251105153385,-0.01614478668166968,-0.2714025110558691,-0.01614618965943177,-0.040035415493101884,YEMEN,America,red,Asia,YEM,red
160,-0.36836631424728755,-0.09013332829831863,-0.36836631424739447,-0.09013360249672428,-0.11348786615551078,ZAMBIA,America,red,Africa,ZMB,orange
161,-0.3249752084921486,0.00799147377715958,-0.3249752084917231,0.007991472335750623,-0.19479082224241048,ZIMBABWE,America,red,Africa,ZWE,orange
162,0.41960717097457334,-0.06574318790891726,0.4196071709758932,-0.06574415875462437,0.139450536934496,AFGHANISTAN,Russia,blue,Asia,AFG,red
163,-0.1483933423272331,-0.06295216539086555,-0.1483933423251497,-0.06294911168909835,-0.12297770999177533,ALBANIA,Russia,blue,Europe,ALB,purple
164,0.32563306903257155,-0.037598428237071976,0.32563306903193084,-0.0375999800379383,-0.19731145932030128,ALGERIA,Russia,blue,Africa,DZA,orange
165,0.19833188425120998,-0.23606808828714163,0.19833188425301473,-0.2360682743921528,-0.06983789909397847,ARGENTINA,Russia,blue,South America,ARG,green
166,-0.018440181749793002,-0.14508911381831305,-0.01844018175168452,-0.14509183926023134,-0.08499115544202698,ARMENIA,Russia,blue,Europe,ARM,purple
167,0.5590865890230698,0.10826378689569702,0.5590865890227192,0.10826349773476573,-0.03546151811793754,AUSTRALIA,Russia,blue,Australia,AUS,blue
168,0.3898973551994726,0.07799850092269027,0.38989735519818763,0.0779978104169616,-0.06494292481020739,AUSTRIA,Russia,blue,Europe,AUT,purple
169,0.5776635902557685,-0.014375077153307622,0.5776635902556612,-0.014374678676413559,0.12048856461131063,BAHRAIN,Russia,blue,Asia,BHR,red
170,0.27732183194886967,0.04507265271923457,0.2773218319472299,0.04507496895012198,-0.06764979019563681,BELARUS,Russia,blue,Europe,BLR,purple
171,0.5702674857729587,0.06002593422350052,0.5702674857721093,0.06002439917617253,0.023840148041197995,BELGIUM,Russia,blue,Europe,BEL,purple
172,0.5660568362987548,0.07640390564233125,0.5660568362993107,0.07640475010065018,-0.04247194095135838,BENIN,Russia,blue,Africa,BEN,orange
173,0.39183368737112595,-0.1375536986503225,0.39183368737287316,-0.13755281441236486,0.06733172133615885,"BOLIVIA, PLURINATIONAL STATE OF",Russia,blue,South America,BOL,green
174,0.4806207297231387,0.06124481326394926,0.48062072972404973,0.061245380726605056,0.035091761358166315,BOSNIA AND HERZEGOVINA,Russia,blue,Europe,BIH,purple
175,0.2459447827217843,-0.2593649209690774,0.24594478271815334,-0.25936807240914095,0.13863695935663034,BOTSWANA,Russia,blue,Africa,BWA,orange
176,0.5172137396049027,0.07003044077400117,0.5172137396054621,0.07003084502086472,0.022519955235502098,BRAZIL,Russia,blue,South America,BRA,green
177,0.46172932242696296,0.015186049968931917,0.46172932242735715,0.015186321849528426,0.055537879777300396,BRUNEI DARUSSALAM,Russia,blue,Asia,BRN,red
178,0.4243092721975023,-0.030380702810987877,0.42430927219896364,-0.030380196380603203,0.026334310714780484,BULGARIA,Russia,blue,Europe,BGR,purple
179,0.32051908798022316,-0.07979036012580823,0.3205190879830479,-0.07978947966034158,-0.20751971001270367,BURUNDI,Russia,blue,Africa,BDI,orange
180,0.4200875521849726,-0.09093128101818163,0.4200875521841953,-0.0909339216993784,-0.031647140723463224,CAMBODIA,Russia,blue,Asia,KHM,red
181,0.49850503476491875,0.15962787769099815,0.49850503476365465,0.15962779526574203,0.011721716643294789,CANADA,Russia,blue,Central America,CAN,lightgreen
182,0.5150070419484317,-0.06631634225659516,0.5150070419502988,-0.06631546211558763,0.045025321289222334,CHILE,Russia,blue,South America,CHL,green
183,0.24141778772893618,-0.14241945557521157,0.24141778772945985,-0.1424205174134067,-0.1289540462810714,CHINA,Russia,blue,Asia,CHN,red
184,0.3648648982214801,0.20481561780985583,0.36486489822091683,0.20481611241274036,0.0010979231436207479,COLOMBIA,Russia,blue,South America,COL,green
185,0.5251011719789165,-0.02842471226673116,0.5251011719823462,-0.0284233670599151,0.0008049943970238668,CONGO,Russia,blue,Africa,COG,orange
186,0.25203563376413746,-0.12140650550997925,0.25203563376908117,-0.12140637795244986,-0.14865321549164737,"CONGO, DEMOCRATIC REPUBLIC OF THE",Russia,blue,Africa,COD,orange
187,0.44244341000478565,-0.051272601130382706,0.44244341000759946,-0.05127171900896105,0.06967672010621856,COSTA RICA,Russia,blue,Central America,CRI,lightgreen
188,0.2594940278573488,-0.22062479077066194,0.2594940278591115,-0.22061997874656053,0.013914264585422468,CÔTE D'IVOIRE,Russia,blue,Africa,CIV,orange
189,0.5404734648960824,-0.0038666365961733482,0.5404734648974314,-0.0038658575483701526,0.11655785409768035,CROATIA,Russia,blue,Europe,HRV,purple
190,0.3714280157164215,0.05793494016392842,0.37142801571478967,0.057933790901537954,-0.17673159719541928,CUBA,Russia,blue,North America,CUB,yellow
191,0.5214706893876294,0.044039372322219265,0.5214706893855452,0.04403791770133399,0.08608543298187323,CYPRUS,Russia,blue,Europe,CYP,purple
192,0.5391355109796845,-0.003840283059365616,0.5391355109821846,-0.003839515439976568,0.06989791690589006,CZECHIA,Russia,blue,Europe,CZE,purple
193,0.43415255147900567,-0.03521071781776636,0.4341525514798067,-0.03521071184958876,0.13244010082474866,DENMARK,Russia,blue,Europe,DNK,purple
194,0.5189963395011917,-0.07409406341609788,0.5189963395038045,-0.07409210245067402,0.08194740818022657,ECUADOR,Russia,blue,South America,ECU,green
195,0.5372200233036979,0.06621553162322681,0.537220023303196,0.0662144852247897,0.03358887696187918,EGYPT,Russia,blue,Africa,EGY,orange
196,0.4846206267782971,0.1569874747961206,0.48462062677777373,0.15698667907742872,-0.08850176164363165,ERITREA,Russia,blue,Africa,ERI,orange
197,0.4956789170234666,0.11921828333630723,0.49567891702220046,0.11921876296744684,-0.03230987131290054,ESTONIA,Russia,blue,Europe,EST,purple
198,0.4067871781764456,-0.06076760554140688,0.4067871781760973,-0.06076608422368407,-0.07305241133439744,ETHIOPIA,Russia,blue,Africa,ETH,orange
199,0.5340386621960025,-0.0023210228130409885,0.5340386621966693,-0.0023191963295839816,0.07415236324783443,FINLAND,Russia,blue,Europe,FIN,purple
200,0.4996103016547551,0.13660103396202755,0.4996103016546945,0.13660173855063978,0.013462073125156595,FRANCE,Russia,blue,Europe,FRA,purple
201,0.21258658147073575,-0.29318260094217213,0.21258658146980186,-0.2931821843901914,-0.11123798101565092,GABON,Russia,blue,Africa,GAB,orange
202,0.43026976142668993,0.12819823151863682,0.4302697614260578,0.1281990477302474,0.026850520533426868,GERMANY,Russia,blue,Europe,DEU,purple
203,0.5327088322859996,0.052603839681612474,0.5327088322867313,0.052604496097530866,0.14450074936090235,GHANA,Russia,blue,Africa,GHA,orange
204,0.46944885758063065,0.11690021772510034,0.46944885758107796,0.11690114245488382,0.03764696551090459,GREECE,Russia,blue,Europe,GRC,purple
205,0.21736394658961639,-0.19253665418346583,0.217363946591522,-0.19253535160195906,-0.1638137659639223,GUATEMALA,Russia,blue,Central America,GTM,lightgreen
206,0.48854075566706967,-0.090163331553105,0.48854075566921185,-0.09015873169477928,0.060645457077513246,GUINEA,Russia,blue,Africa,GIN,orange
207,0.473643575994596,-0.01444906500601403,0.47364357599677875,-0.014448731737842477,-0.06588837152864514,GUINEA-BISSAU,Russia,blue,Africa,GNB,orange
208,0.5350513373952714,-0.03488328216197349,0.5350513373959707,-0.034882182000684436,0.1538723095565112,GUYANA,Russia,blue,South America,GUY,green
209,0.5454280949268788,0.0022638067414536105,0.5454280949268975,0.0022641432018312814,0.14821061148728704,HOLY SEE,Russia,blue,Europe,VAT,purple
210,-0.18873551693287827,-0.3776233595572156,-0.18873551693036583,-0.37762264239717247,-0.013317385233724856,HONDURAS,Russia,blue,Central America,HND,lightgreen
211,0.556132607653711,0.07811050757314729,0.5561326076539511,0.07811195841411635,0.10004772796785719,HUNGARY,Russia,blue,Europe,HUN,purple
212,0.5657521218897883,0.09632357457712817,0.5657521218894229,0.09632278073396872,0.06755413972912974,ICELAND,Russia,blue,Europe,ISL,purple
213,0.2983814006934709,-0.12268424979148232,0.2983814006927091,-0.12268587607414054,-0.07103205636088535,INDIA,Russia,blue,Asia,IND,red
214,0.5504833459531141,0.006474371947142725,0.5504833459535193,0.006474306300965749,0.017072528084880526,INDONESIA,Russia,blue,Asia,IDN,red
215,0.2545131410461913,-0.1485399137482177,0.2545131410447012,-0.1485423838280049,0.002168383436399461,"IRAN, ISLAMIC REPUBLIC OF",Russia,blue,Asia,IRN,red
216,0.4235905436700067,0.05738792896722936,0.42359054366777116,0.057386413091159924,0.055204358975766775,IRAQ,Russia,blue,Asia,IRQ,red
217,0.5404321133032042,-0.021119866849359133,0.5404321133015451,-0.02112136144778959,0.10891345412283338,IRELAND,Russia,blue,Europe,IRL,purple
218,0.4892039993203641,0.10190701521365496,0.4892039993163498,0.10190490476352213,0.005670735219621932,ISRAEL,Russia,blue,Asia,ISR,red
219,0.5242258628304322,0.04569430842143913,0.524225862831116,0.04569475606479272,0.09072687059629506,ITALY,Russia,blue,Europe,ITA,purple
220,0.4152905327144395,-0.031348141853245165,0.4152905327151091,-0.031348302557156406,-0.02091998715799573,JAMAICA,Russia,blue,North America,JAM,yellow
221,0.4892170842863437,0.1103479340436677,0.4892170842850686,0.11034778702378352,-0.07898978836109935,JAPAN,Russia,blue,Asia,JPN,red
222,0.500548777468721,0.084332818636351,0.5005487774658496,0.08433071246101276,0.02535506961614069,JORDAN,Russia,blue,Asia,JOR,red
223,0.49632130456933904,-0.013142715574908256,0.4963213045718594,-0.01314206154465741,0.043488815128189036,KAZAKHSTAN,Russia,blue,Asia,KAZ,red
224,0.49112046920066255,-0.016653057976864036,0.4911204692024116,-0.016652959349939923,-0.09529877378724991,KENYA,Russia,blue,Africa,KEN,orange
225,0.08136399195767934,-0.24537816813509697,0.08136399195722076,-0.2453784406665801,-0.0028802417838654617,"KOREA, DEMOCRATIC PEOPLE'S REPUBLIC OF",Russia,blue,Asia,PRK,red
226,0.38563302302179825,-0.08241986350640004,0.3856330230223615,-0.08241866986154922,0.0686319133168265,"KOREA, REPUBLIC OF",Russia,blue,Asia,KOR,red
227,0.46465022372961984,-0.04286747432667634,0.46465022372536957,-0.042868730529050866,0.0389006481622618,KUWAIT,Russia,blue,Asia,KWT,red
228,0.3595702963244886,0.05584741317080625,0.35957029632506243,0.0558491080878056,-0.053703402955434826,LATVIA,Russia,blue,Europe,LVA,purple
229,0.4500086749255357,0.003995115979401134,0.4500086749207774,0.003992494055647054,0.011223070016729099,LEBANON,Russia,blue,Asia,LBN,red
230,0.2756229111265223,0.005221336565506371,0.27562291112667164,0.005222011948691978,-0.05982565637115963,LITHUANIA,Russia,blue,Europe,LTU,purple
231,0.3246567064980883,-0.10734306459298139,0.3246567064982754,-0.10734368458960498,0.02276312144159643,LUXEMBOURG,Russia,blue,Europe,LUX,purple
232,0.5413717611310102,0.10504317778882327,0.5413717611306198,0.10504309243976254,-0.004492164785703037,MADAGASCAR,Russia,blue,Africa,MDG,orange
233,0.5410590606052257,-0.025701928120244546,0.5410590606057102,-0.025701410604352402,0.0959607827845287,MALAYSIA,Russia,blue,Asia,MYS,red
234,0.5507125768374748,0.10828322639616783,0.550712576837899,0.10828284541643261,0.01762563728444573,MALTA,Russia,blue,Europe,MLT,purple
235,0.21142704064185547,-0.30685744143934357,0.2114270406396721,-0.3068610861626082,0.05510202243282929,MAURITIUS,Russia,blue,Africa,MUS,orange
236,0.15804003864052243,-0.2728536959701063,0.15804003863736565,-0.2728569016783656,0.0028303002886004933,MEXICO,Russia,blue,Central America,MEX,lightgreen
237,0.3224253272202334,-0.11670600423099374,0.3224253272205025,-0.11670650679304768,-0.05430999247372765,MONGOLIA,Russia,blue,Asia,MNG,red
238,0.44404883316179755,0.0514653181585578,0.44404883316354593,0.0514672920769755,-0.014011567546564302,MONTENEGRO,Russia,blue,Europe,MNE,purple
239,0.3931732554814315,-0.03998115836938622,0.3931732554821451,-0.039980942477254464,-0.016313929223328534,MOROCCO,Russia,blue,Africa,MAR,orange
240,0.4640389050783493,0.14515864935987602,0.4640389050777036,0.145158299989026,-0.14082452029533943,MOZAMBIQUE,Russia,blue,Africa,MOZ,orange
241,0.18908951082344658,-0.20268436335207826,0.18908951082096861,-0.2026864249851792,-0.14871903457060798,NEPAL,Russia,blue,Asia,NPL,red
242,0.513853452507595,0.0801334334289958,0.5138534525060712,0.0801328767819225,0.027601370822865182,NETHERLANDS,Russia,blue,Europe,NLD,purple
243,0.4175625967136381,0.03444992685419819,0.4175625967128759,0.03444975372245228,-0.09189965751312854,NEW ZEALAND,Russia,blue,Australia,NZL,blue
244,-0.04063226105952779,-0.25898237336073854,-0.040632261057033534,-0.25898155778194104,-0.07715390163735171,NICARAGUA,Russia,blue,Central America,NIC,lightgreen
245,0.5688406518892178,0.02503239175190869,0.5688406518906137,0.02503437848535204,0.039452043806678376,NIGERIA,Russia,blue,Africa,NGA,orange
246,0.5451066042583329,0.11912554093581866,0.5451066042573506,0.11912526223946149,-0.0016743309196653004,NORTH MACEDONIA,Russia,blue,Europe,MKD,purple
247,0.5526334830497741,0.03905302961014387,0.5526334830510665,0.03905351925791832,0.06371235846382116,NORWAY,Russia,blue,Europe,NOR,purple
248,0.47660139648276445,0.005522516240221693,0.4766013964812087,0.005522005197932075,-0.07285863434883733,OMAN,Russia,blue,Asia,OMN,red
249,0.5565271856711977,0.09665792482741864,0.5565271856709981,0.09665771977651992,0.017335669969021892,PAKISTAN,Russia,blue,Asia,PAK,red
250,0.40429793269815556,-0.03295552898712494,0.40429793269528214,-0.0329562833289745,0.007460638582476781,"PALESTINE, STATE OF",Russia,blue,Asia,PSE,red
251,0.1581645562455491,0.0025699042653299442,0.15816455624501147,0.002569120858680624,-0.17717163056389323,PANAMA,Russia,blue,Central America,PAN,lightgreen
252,-0.09362718596293723,-0.3835704243000784,-0.0936271859604061,-0.3835682935451755,-0.2033598856097505,PARAGUAY,Russia,blue,South America,PRY,green
253,0.24992443538195394,-0.06022888050773788,0.24992443538116438,-0.0602302021668389,-0.09702307373432262,PERU,Russia,blue,South America,PER,green
254,0.4958704001666595,0.038720554422477294,0.4958704001667997,0.038720225045575124,-0.017017708608973656,PHILIPPINES,Russia,blue,Asia,PHL,red
255,0.4661876094019068,0.10064930038751761,0.46618760940137116,0.10064865618278356,-0.07093259778787687,POLAND,Russia,blue,Europe,POL,purple
256,0.5054379503226578,-0.0117228619275564,0.5054379503258913,-0.011720263093118584,0.1718748374995622,PORTUGAL,Russia,blue,Europe,PRT,purple
257,0.4806209780684313,0.10269422043603833,0.48062097806656373,0.10269328179271683,-0.06078347331638072,QATAR,Russia,blue,Asia,QAT,red
258,0.46088321305945956,0.05566481722774779,0.4608832130580392,0.05566470944375879,-0.01456877307544252,ROMANIA,Russia,blue,Europe,ROU,purple
259,0.5399999371543053,0.021921725065996094,0.5399999371548384,0.021922363388047282,0.13349943460588615,RUSSIAN FEDERATION,Russia,blue,Europe,RUS,purple
260,0.5297163050710528,0.10946007160774847,0.529716305072349,0.10946018807617608,-0.01834944498471186,RWANDA,Russia,blue,Africa,RWA,orange
261,0.5392159201544617,0.05527536571879602,0.5392159201530689,0.0552753657176178,0.0036491886009675815,SAUDI ARABIA,Russia,blue,Asia,SAU,red
262,0.5156658881987695,0.07601186693535776,0.515665888198647,0.07601084753278672,-0.08169314056026987,SENEGAL,Russia,blue,Africa,SEN,orange
263,0.2589565817613154,-0.06838078203846244,0.2589565817621892,-0.06838142693521615,-0.018224422539013588,SERBIA,Russia,blue,Europe,SRB,purple
264,0.48315466339244717,0.10614019367743215,0.4831546633899626,0.1061392812082483,-0.0814779696882669,SEYCHELLES,Russia,blue,Africa,SYC,orange
265,0.41715931954667346,-0.08132265056219408,0.4171593195481906,-0.08132360315800442,0.04075438386852807,SINGAPORE,Russia,blue,Asia,SGP,red
266,0.4068325394113657,-0.12862089303269078,0.4068325394108555,-0.12862166288058813,0.10977230441456519,SLOVAKIA,Russia,blue,Europe,SVK,purple
267,0.5682409633186861,0.02876907581468724,0.5682409633195957,0.028769098243510725,0.09931225286807809,SLOVENIA,Russia,blue,Europe,SVN,purple
268,0.43376507054398644,0.16166462020171485,0.43376507054189256,0.16166380313421735,-0.16812181395732334,SOUTH AFRICA,Russia,blue,Africa,ZAF,orange
269,0.3507472264159912,-0.14101531860130415,0.3507472264172772,-0.14101544160645865,0.052789521006083966,SPAIN,Russia,blue,Europe,ESP,purple
270,0.3513319930992352,0.1566081918786882,0.3513319930958477,0.15660685714305175,-0.1885398733907124,SRI LANKA,Russia,blue,Asia,LKA,red
271,0.37534233585571,-0.12936999918754635,0.3753423358526289,-0.12936479222178487,-0.030824979844128835,SUDAN,Russia,blue,Africa,SDN,orange
272,0.5394570361454843,0.01834407327285569,0.5394570361467441,0.01834519703404671,0.0715734749162219,SWEDEN,Russia,blue,Europe,SWE,purple
273,0.5105795184140606,0.06739800662484456,0.5105795184144221,0.067397578660721,-0.018073658861578606,SWITZERLAND,Russia,blue,Europe,CHE,purple
274,0.32593591607777933,0.04063273471956658,0.3259359160776587,0.04063135501517673,0.06031717158237129,SYRIAN ARAB REPUBLIC,Russia,blue,Asia,SYR,red
275,0.5491269433036238,0.08931024532712224,0.549126943303067,0.08930988054457337,-0.08697705610260924,"TANZANIA, UNITED REPUBLIC OF",Russia,blue,Africa,TZA,orange
276,0.22702453137934098,-0.2605206405960368,0.2270245313769085,-0.2605227829047086,-0.06222378564287559,THAILAND,Russia,blue,Asia,THA,red
277,0.5429090454363574,0.1358315436185873,0.5429090454362637,0.13583126143686766,-0.030904255923287164,TUNISIA,Russia,blue,Africa,TUN,orange
278,0.45656759558067794,0.024185778413322402,0.4565675955804629,0.024185449002593163,0.0641353337104267,TURKEY,Russia,blue,Europe,TUR,purple
279,0.3273506104084635,-0.08857420932696124,0.32735061040900254,-0.08857452704641611,-0.012274487405466362,TURKMENISTAN,Russia,blue,Asia,TKM,red
280,0.49076393491944337,0.0722360859741719,0.4907639349179174,0.07223547878253289,-0.1360078697750318,UGANDA,Russia,blue,Africa,UGA,orange
281,0.29477491482685864,-0.0679772894920585,0.2947749148289378,-0.06797335920804744,-0.02817892371928335,UKRAINE,Russia,blue,Europe,UKR,purple
282,0.42000290123664924,-0.0776291598608721,0.42000290123838524,-0.07763033215161397,0.12539547825514438,UNITED ARAB EMIRATES,Russia,blue,Asia,ARE,red
283,0.4371654836313622,0.08087973173350668,0.4371654836315857,0.08087967149465312,-0.05258188279034319,UNITED KINGDOM OF GREAT BRITAIN AND NORTHERN IRELAND,Russia,blue,Europe,GBR,purple
284,0.435070151231469,0.1534966077831,0.43507015123026294,0.15349563587881893,-0.00038877098360335944,UNITED STATES OF AMERICA,Russia,blue,Central America,USA,lightgreen
285,0.558405648387383,-0.011405650724103296,0.5584056483896688,-0.011404093548759764,0.0419985444601221,URUGUAY,Russia,blue,South America,URY,green
286,0.40109509560423895,-0.0016682702357008194,0.40109509560478324,-0.001669304759339226,-0.04855080957357302,UZBEKISTAN,Russia,blue,Asia,UZB,red
287,0.239623526592839,-0.018521618758601678,0.2396235265954209,-0.018519700888708475,0.15489883541880511,"VENEZUELA, BOLIVARIAN REPUBLIC OF",Russia,blue,South America,VEN,green
288,0.19210576211178282,-0.2433490027406252,0.19210576211454086,-0.243349130274485,-0.06436068351377487,VIET NAM,Russia,blue,Asia,VNM,red
289,0.44249765382292505,-0.020498775476782714,0.4424976538202291,-0.020500113121737232,0.08378205866236363,YEMEN,Russia,blue,Asia,YEM,red
290,0.3404528447735227,-0.002689108654007973,0.340452844773152,-0.002690958096710017,-0.2179063183479186,ZAMBIA,Russia,blue,Africa,ZMB,orange
291,0.5045887347573907,0.07552953823766954,0.5045887347573327,0.07552904155820206,0.001495391097088413,ZIMBABWE,Russia,blue,Africa,ZWE,orange
